Variable,Test,Statistic,p_value,Significant
AgeGroup,ANOVA,4.1907840232251985,0.01523533303231252,Yes
Sex,t-test,0.8483064867069453,0.3964244702491143,No
Employment,ANOVA,3.8873322192851933,0.003750724306274734,Yes
Income,ANOVA,1.3144072199513612,0.2621663008991391,No
Education,ANOVA,0.3340010258054706,0.8552102304910137,No
