Variable,Test,Statistic,p_value,Significant
AgeGroup,ANOVA,4.362957204462011,0.012832753498150617,Yes
Sex,t-test,0.6699013851044807,0.5030409039304855,No
Employment,ANOVA,3.854361374697777,0.003974995029379969,Yes
Income,ANOVA,1.2553646475199005,0.2853852327846981,No
Education,ANOVA,0.2702736456767511,0.8972314821724817,No
