Metric,Mean,CI_lower,CI_upper,Significant
MAE_diff,-0.040843770989896395,-0.1000478261487682,0.021259813354107957,No
R2_diff,0.003938994292342025,-0.002939230900432549,0.010710336807164893,No
