Metric,Mean,CI_lower,CI_upper,Significant
MAE_diff,-0.031980438173061634,-0.09201515275354123,0.030766089592689363,No
R2_diff,0.003965083556781347,-0.0030251426475968123,0.010883508221699967,No
