Variable,Category,Bias_Correction
AgeGroup,<30,-0.0005215961811750927
AgeGroup,30-50,0.6518111887460278
AgeGroup,50+,-1.4243269353953716
Employment,Employed,-0.10760828270761193
Employment,Other,0.5527355131791465
Employment,Retired,-2.823067269194654
Employment,Student,-0.3312477853200207
Employment,Unemployed,0.8854588308031597
