Variable,F_before,p_before,F_after,p_after,Bias_Eliminated
AgeGroup,4.362957204462011,0.012832753498150617,1.4923570772541237,0.22503189201138926,Yes
Employment,3.854361374697777,0.003974995029379969,0.3426816748074036,0.8492393620320768,Yes
