Variable,F_before,p_before,F_after,p_after,Bias_Eliminated
AgeGroup,4.1907840232251985,0.01523533303231252,1.5120849258618743,0.2206409538166853,Yes
Employment,3.8873322192851933,0.003750724306274734,0.3181764616697158,0.865960611516597,Yes
