Comparison,R2_diff_mean,R2_CI,R2_significant,MAE_diff_mean,MAE_CI,MAE_significant
XGBRegressor vs MeanPredictor,0.28367441974926144,"[0.2526, 0.3159]",Yes,2.62947747020951,"[2.3332, 2.9253]",Yes
XGBRegressor vs HuberRegressor,0.07350786650998169,"[0.0474, 0.1031]",Yes,0.6472180593105811,"[0.4821, 0.8148]",Yes
XGBRegressor vs LGBMRegressor,0.0010506680243495938,"[-0.0057, 0.0079]",No,0.007039289710169388,"[-0.0530, 0.0647]",No
XGBRegressor vs HistGBMRegressor,0.017732715958372523,"[0.0093, 0.0260]",Yes,0.1773536154423677,"[0.1016, 0.2549]",Yes
