Comparison,R2_diff_mean,R2_CI,R2_significant,MAE_diff_mean,MAE_CI,MAE_significant
XGBRegressor vs MeanPredictor,0.3175079511289612,"[0.2849, 0.3490]",Yes,2.9895335901283335,"[2.6916, 3.2943]",Yes
XGBRegressor vs HuberRegressor,0.1041498118043597,"[0.0749, 0.1369]",Yes,0.9628103106710502,"[0.7779, 1.1535]",Yes
XGBRegressor vs LGBMRegressor,0.014611459091606957,"[0.0072, 0.0222]",Yes,0.1774676188411289,"[0.1087, 0.2415]",Yes
XGBRegressor vs HistGBMRegressor,0.02169451064142905,"[0.0135, 0.0305]",Yes,0.19373400639547875,"[0.1217, 0.2655]",Yes
