Comparison,R2_diff_mean,R2_CI,R2_significant,MAE_diff_mean,MAE_CI,MAE_significant
XGBRegressor vs MeanPredictor,0.3018680609946266,"[0.2692, 0.3327]",Yes,2.7801931369804453,"[2.4770, 3.0856]",Yes
XGBRegressor vs HuberRegressor,0.09170150775534683,"[0.0654, 0.1226]",Yes,0.7979337260815161,"[0.6195, 0.9894]",Yes
XGBRegressor vs LGBMRegressor,0.01559492489019941,"[0.0072, 0.0234]",Yes,0.2003029934842351,"[0.1241, 0.2665]",Yes
XGBRegressor vs HistGBMRegressor,0.020087773941718137,"[0.0115, 0.0289]",Yes,0.24531760505141015,"[0.1674, 0.3251]",Yes
