domain,permutation,builtin,shap
Demographics,0.01956275701522827,0.08030464,2.3206682134263215
Functional_Baseline,0.10754944086074829,0.36604583,12.547136798988099
Injury_Severity,0.033774495124816895,0.0618198,2.9747295520411803
Medical_History,0.0002360105514526367,0.0057746726,0.1678908036768438
Other,0.04044447541236877,0.42432225,6.758532178307883
Temporal,0.09285629987716676,0.061732765,5.024102661145292
