domain,permutation,builtin,shap
Demographics,0.008345448970794677,0.07795367,2.1899865798380223
Functional_Baseline,0.07714512944221497,0.36182597,10.37475754901392
Injury_Severity,0.017813462018966674,0.05866566,2.14940943485899
Medical_History,-0.00040761232376098635,0.0041814437,0.04427352759838084
Other,0.11943033933639526,0.44316143,9.744370188009203
Treatment,0.06872124671936035,0.05421187,4.173517096267733
