domain,permutation,builtin,shap
Demographics,0.011771756410598756,0.081030145,2.1529446956764904
Functional_Baseline,0.09878666996955872,0.40710732,12.157767079723813
Injury_Severity,0.018372011184692384,0.061065428,2.5398566080858926
Medical_History,-0.00017940402030944825,0.004747614,0.04624175480008128
Other,0.04131091237068176,0.384852,6.324069828535058
Temporal,0.09187595248222351,0.06119755,5.19222570655644
