domain,permutation,builtin,shap
Demographics,0.011771756410598756,0.081030145,2.156395993487165
Functional_Baseline,0.09878666996955872,0.40710732,12.094674904602579
Injury_Severity,0.018372011184692384,0.061065428,2.5486330893740057
Medical_History,-0.00017940402030944825,0.004747614,0.04330330183655052
Other,0.04131091237068176,0.384852,6.3840289764639
Treatment,0.09187595248222351,0.06119755,5.16780677004531
