domain,permutation,builtin,shap
Demographics,0.018518722057342528,0.08499512,2.468698127296661
Functional_Baseline,0.10617547035217285,0.39781135,12.386617717777938
Injury_Severity,0.03524232506752014,0.06823293,3.187828085598349
Medical_History,6.164908409118652e-05,0.006038234,0.10205324268033725
Other,0.0481059193611145,0.38423115,6.895313897233736
Temporal,0.09707071185112,0.05869127,5.0492022655506625
