Best_Model,Num_Features,Training_Samples,Test_Samples,NCV_R2_mean,NCV_R2_std,NCV_MAE_mean,NCV_MAE_std,Test_R2,Test_MSE,Test_MAE,Test_RMSE
XGBRegressor,132,10963,2741,0.28604358434677124,0.014488594025811435,11.345652198791504,0.2439572031419627,0.2972240447998047,221.0323486328125,10.864157676696777,14.867156709768432
