Best_Model,Num_Features,Training_Samples,Test_Samples,NCV_R2_mean,NCV_R2_std,NCV_MAE_mean,NCV_MAE_std,Test_R2,Test_MSE,Test_MAE,Test_RMSE
XGBRegressor,135,10963,2741,0.28748464584350586,0.016918139397232832,11.328111457824708,0.24774772245204787,0.3009974956512451,219.8455352783203,10.825857162475586,14.82718905518913
