Best_Model,Num_Features,Training_Samples,Test_Samples,NCV_R2_mean,NCV_R2_std,NCV_MAE_mean,NCV_MAE_std,Test_R2,Test_MSE,Test_MAE,Test_RMSE
XGBRegressor,135,10963,2741,0.27921046018600465,0.01151994934965436,11.413102722167968,0.2586079496649122,0.2829306721687317,225.52780151367188,10.97570514678955,15.017583078300978
