Model,Num_Features,Mean_MSE_NCV,Std_MSE_NCV,Mean_MAE_NCV,Std_MAE_NCV,Mean_RMSE_NCV,Std_RMSE_NCV,Mean_R2_NCV,Std_R2_NCV
XGBRegressor,135,244.15518798828126,15.01283182110437,11.328111457824708,0.24774772245204787,15.619467807433733,0.4840111063065074,0.28748464584350586,0.016918139397232832
HistGBMRegressor,135,247.08496058691827,14.950931431988252,11.41867038840476,0.2592612332693335,15.713119115712882,0.47807980810822764,0.2788929305713868,0.01713902904663283
LGBMRegressor,135,247.62608674347243,17.204688836273792,11.448666715340206,0.28822617531977185,15.72842254912968,0.5509206606915672,0.27759867630241464,0.020437560741742595
HuberRegressor,135,267.2834686714042,13.73538810632313,11.973018657767337,0.24463927741548724,16.34441878607688,0.42344305511693325,0.21977402613027194,0.007462727374637805
MeanPredictor,135,342.6885904464431,17.230725775215948,14.185857702920007,0.3262352145968563,18.507086880446874,0.4694753002477396,-0.00034817098557970994,0.0003070561726929119
