Model,Num_Features,Mean_MSE_NCV,Std_MSE_NCV,Mean_MAE_NCV,Std_MAE_NCV,Mean_RMSE_NCV,Std_RMSE_NCV,Mean_R2_NCV,Std_R2_NCV
XGBRegressor,135,246.99472045898438,14.643469894338741,11.413102722167968,0.2586079496649122,15.710449934496788,0.46968515339301375,0.27921046018600465,0.01151994934965436
HistGBMRegressor,135,250.08848518550946,15.056696430807614,11.504175420093269,0.2521989578064476,15.808395459861018,0.478432558145652,0.2701652984049696,0.014540741746206513
LGBMRegressor,135,250.14152691130812,14.569756493744165,11.497635221215337,0.2596518833925979,15.810451137805643,0.4625496329698285,0.26994680666413623,0.014067969473687781
HuberRegressor,135,267.2834686714042,13.73538810632313,11.973018657767337,0.24463927741548724,16.34441878607688,0.42344305511693325,0.21977402613027194,0.007462727374637805
MeanPredictor,135,342.6885904464431,17.230725775215948,14.185857702920007,0.3262352145968563,18.507086880446874,0.4694753002477396,-0.00034817098557970994,0.0003070561726929119
