Model,Num_Features,Mean_MSE_NCV,Std_MSE_NCV,Mean_MAE_NCV,Std_MAE_NCV,Mean_RMSE_NCV,Std_RMSE_NCV,Mean_R2_NCV,Std_R2_NCV
XGBRegressor,141,237.04815368652345,14.746740904828787,11.123917198181152,0.2685031331710929,15.390332827231655,0.4819351013870068,0.3082852602005005,0.014283195967658768
HistGBMRegressor,141,238.50522183689617,14.966638246992845,11.189474831909724,0.25928446537167354,15.437483096523533,0.48648931314878835,0.3040012788779786,0.016883287617349706
LGBMRegressor,141,238.97735586192002,15.434116878712413,11.194939955966372,0.2872079751774943,15.452368742518889,0.5020658661287367,0.3027088885308339,0.01613563061669045
HuberRegressor,141,266.48503930556245,13.941826737770793,11.941899603167116,0.23887959715044718,16.319821489127953,0.4307926829693949,0.22215043781046528,0.005447923883878179
MeanPredictor,141,342.6885904464431,17.230725775215948,14.185857702920007,0.3262352145968563,18.507086880446874,0.4694753002477396,-0.00034817098557970994,0.0003070561726929119
