AgeGroup,MeanResidual
<30,-0.11301132654790944
30-50,0.3502395004031182
50+,-0.29490155106489624
