AgeGroup,MeanResidual
<30,-0.13562035193030625
30-50,0.3421597150251663
50+,-0.3344903235814927
