AgeGroup,MeanResidual
<30,-0.10226104665419151
30-50,0.32876779850782867
50+,-0.3235650901949517
